ID,Make,Model,Year,Fuel_Type,Engine_Capacity_cc,Horsepower,Torque_Nm,Transmission,Drivetrain,Doors,Seats,Weight_kg,Length_mm,Width_mm,Height_mm,Wheelbase_mm,Fuel_Economy_L_per_100km,Price
1,BMW,Series3,2021,Petrol,3823,310,463,Manual,RWD,4,4,3354,4557,1754,1401,4087,19.46,75181
2,Nissan,Sentra,2005,Petrol,1171,139,211,Automatic,RWD,3,5,1679,4119,1812,1468,3550,8.35,33526
3,Mercedes,AMGGT,2001,Petrol,1365,147,233,Automatic,FWD,2,4,1947,4379,1754,1433,3852,10.03,34534
4,,Escape,2011,Petrol,2317,176,323,Automatic,FWD,4,5,2564,4573,1831,1425,3982,13.11,43743
5,Honda,Civic,2000,Diesel,1978,162,296,Automatic,RWD,4,5,1823,4511,1763,1433,3906,11.0,35764
6,Hyundai,Sonata,2014,Petrol,2107,148,221,CVT,AWD,4,5,2218,4272,1797,1458,3623,11.87,41121
7,Toyota,Prius,2004,Petrol,,133,226,Automatic,FWD,4,5,2235,4509,1879,1463,3896,13.3,31683
8,Mazda,Mazda6,2012,Petrol,1396,115,180,CVT,FWD,4,5,1830,4593,1803,1498,4038,10.8,30234
9,Nissan,Altima,2022,Petrol,1702,89,156,Automatic,FWD,4,5,1833,4426,1703,1544,3865,9.59,36784
10,Audi,Q7,2011,Diesel,1630,139,269,CVT,RWD,4,5,1958,4469,1778,1466,3851,10.19,38740
11,Volkswagen,Tiguan,2002,Petrol,3646,198,296,Automatic,RWD,4,5,3099,4821,1853,1406,4172,20.86,54018
12,Hyundai,Tucson,2001,Petrol,2569,221,393,Automatic,FWD,4,5,2582,4651,1722,1389,4026,15.79,52018
13,Ford,Explorer,2001,Petrol,3736,437,835,Automatic,FWD,5,5,3500,4413,1802,1480,3857,21.86,83314
14,Chevrolet,Camaro,2017,Hybrid,1657,139,219,Automatic,AWD,,4,2212,4531,1997,1486,3874,11.51,43830
15,Nissan,,2021,Hybrid,1284,114,162,,FWD,4,5,1690,4544,1759,1386,3979,9.0,33708
16,Volvo,XC90,2001,Petrol,2064,231,458,Automatic,FWD,4,5,2447,4263,1764,1483,3619,13.0,48992
17,Tesla,ModelS,2015,Electric,0,262,536,Automatic,FWD,5,5,2051,4031,1873,1408,3494,,69895
18,Subaru,BRZ,2009,Petrol,2561,218,357,Automatic,AWD,2,2,2423,4345,1778,1539,3816,15.69,50674
19,Hyundai,Kona,2000,Petrol,1429,70,122,CVT,RWD,4,5,2133,3895,1755,1487,3280,10.75,27239
20,Honda,Insight,2005,Diesel,1326,125,227,Automatic,AWD,4,5,1742,4078,1723,1495,3447,9.79,33187
21,Subaru,Impreza,2005,Petrol,2164,235,389,Automatic,AWD,4,5,2388,4679,1738,1510,4090,14.48,50390
22,BMW,X5,2006,Hybrid,3193,276,434,Automatic,RWD,4,5,3350,4684,1735,1461,4117,19.66,63678
23,Volvo,S60,2003,Petrol,1461,124,181,Manual,RWD,4,5,1805,4359,1671,1366,3794,10.35,33552
24,Chevrolet,Camaro,2004,Petrol,4237,273,458,Manual,FWD,2,4,3500,4805,1742,1488,4128,22.89,65565
25,Nissan,Pathfinder,2019,Petrol,3612,233,403,CVT,FWD,4,5,3500,4533,1844,1468,3823,17.95,61540
26,Ford,Escape,2018,Petrol,1820,115,217,Automatic,FWD,5,5,2138,4054,1874,1523,3477,9.67,42765
27,Audi,Q5,2021,Hybrid,1965,203,317,Manual,AWD,4,7,2242,4422,1739,1490,3875,11.26,51356
28,Kia,Sportage,2012,Petrol,2154,184,331,Automatic,RWD,4,5,2294,4938,1873,1438,4289,13.42,50537
29,Tesla,ModelY,2018,Electric,0,222,363,Manual,AWD,4,5,2183,4328,1808,1542,3724,,71449
30,Kia,Carnival,2008,Hybrid,2809,192,298,Automatic,AWD,4,5,2858,4238,1819,1476,3684,16.05,47526
31,Honda,Accord,2024,Hybrid,1704,137,195,Manual,FWD,4,5,2015,4094,1729,1380,3395,10.01,40060
32,Honda,Odyssey,2008,Hybrid,3606,255,471,Manual,FWD,4,,3174,4264,1867,1554,3676,20.12,61725
33,Tesla,ModelY,2000,Electric,0,546,877,Automatic,FWD,4,5,2520,4214,1733,1407,3631,,113114
34,Hyundai,Palisade,2020,Petrol,2273,206,360,Automatic,FWD,4,5,2299,4773,1689,1338,4125,12.51,51894
35,Volkswagen,Passat,2018,Petrol,1331,73,110,Automatic,FWD,5,5,1381,4366,1773,1444,3754,8.52,25435
36,Mitsubishi,Mirage,2018,Petrol,3233,251,467,Manual,FWD,4,5,3122,4515,1766,1364,3875,16.06,63699
37,Volvo,XC60,2006,Petrol,1955,120,172,CVT,FWD,4,5,2334,4626,1725,1599,4114,12.08,37781
38,Mercedes,EClass,2021,Petrol,1413,182,270,Automatic,AWD,4,5,1931,4468,1822,1319,3849,9.01,48830
39,Nissan,Pathfinder,2016,Diesel,,73,134,Automatic,FWD,5,5,2170,4416,1712,1469,3807,11.65,30695
40,Mazda,MX5,2010,Diesel,1879,178,265,Automatic,FWD,2,2,2207,4779,1790,1431,4137,13.09,43082
41,Chevrolet,Cruze,2002,Petrol,1544,181,328,Automatic,FWD,4,5,1996,4557,1708,1312,3947,13.35,40079
42,Mitsubishi,Lancer,2022,Hybrid,3523,345,629,Manual,RWD,4,5,3323,4726,1794,1450,4086,19.64,78555
43,Honda,Odyssey,2001,Petrol,1560,76,121,Automatic,FWD,5,5,2087,4167,1673,1436,3623,11.42,28496
44,Mercedes,AMGGT,2003,Petrol,2840,287,404,Automatic,AWD,2,4,3002,4400,1772,1455,3792,16.9,62203
45,Mazda,MX5,2000,Diesel,1382,103,146,Automatic,RWD,2,2,2019,3689,1637,1377,3147,11.04,31781
46,Tesla,Model3,2017,Electric,0,279,682,Automatic,AWD,4,5,2156,4195,1759,1454,3630,,72413
47,Volvo,XC90,2006,Petrol,1414,96,171,Automatic,FWD,4,5,1860,4378,1857,1391,3810,9.49,25590
48,Toyota,CHR,2021,Hybrid,2529,182,319,Automatic,RWD,4,5,2351,3999,1736,1511,3400,12.96,53386
49,BMW,Series7,2015,Petrol,1723,150,222,Automatic,FWD,4,5,2083,4126,1788,1350,3474,11.28,42332
50,Nissan,Pathfinder,2008,Petrol,2294,157,255,Automatic,FWD,4,5,2522,4527,1727,1417,3997,13.43,39760
51,BMW,X3,2011,Diesel,1257,204,400,Automatic,AWD,3,5,1731,4313,1910,1445,3655,8.57,43923
52,Audi,Q3,1998,Petrol,2531,204,370,Automatic,RWD,4,5,2661,4496,1812,1464,3962,16.63,49399
53,Nissan,Maxima,2022,Diesel,2250,182,308,Automatic,AWD,5,4,2460,4516,1787,1376,3970,13.31,50401
54,Audi,Q5,2001,Hybrid,2204,132,194,Manual,RWD,4,5,2403,4404,1743,1540,3794,15.19,33307
55,Subaru,BRZ,2017,Hybrid,2024,267,501,CVT,AWD,2,2,2511,4306,1741,1304,3660,12.62,54582
56,Hyundai,Sonata,2009,Diesel,1136,60,94,Automatic,FWD,3,7,1491,3739,1679,1386,3104,8.32,21751
57,Audi,Q5,2022,Hybrid,4654,305,608,Automatic,AWD,4,5,3500,4743,1760,1421,4115,20.74,72112
58,Toyota,Prius,2008,Hybrid,3415,437,794,Manual,AWD,4,5,3212,5242,1842,1405,4633,18.8,84687
59,Mitsubishi,Lancer,2001,Petrol,3771,383,556,Automatic,FWD,4,5,3342,4683,1830,1392,4257,20.87,79012
60,Chevrolet,Camaro,2005,Petrol,2102,214,401,Automatic,,2,4,2278,4520,1810,1483,3877,14.2,52399
61,Honda,Accord,2016,Diesel,1344,115,172,Automatic,AWD,4,4,1921,3957,1761,1457,3319,8.29,40853
62,Ford,Focus,2021,Petrol,2064,188,334,CVT,FWD,5,5,2330,4385,1744,1431,3776,10.36,52795
63,Mitsubishi,Lancer,2022,Petrol,1455,73,103,Automatic,FWD,4,5,1576,4142,1679,1439,3509,9.5,33733
64,Mercedes,EClass,2019,Petrol,4155,306,505,Automatic,AWD,4,7,3500,4949,1779,1414,4382,20.31,72131
65,Mitsubishi,Outlander,,Petrol,3752,266,511,Automatic,RWD,4,5,3222,4736,1861,1485,4187,20.48,63020
66,Mazda,Mazda6,2015,Petrol,1286,118,184,Automatic,FWD,4,4,1663,4222,1713,1599,3646,9.65,31083
67,Hyundai,Kona,2007,Hybrid,1992,114,176,CVT,FWD,4,5,2265,4861,1714,1455,4274,12.74,35762
68,Tesla,ModelY,2012,Electric,0,241,393,Automatic,AWD,4,5,2266,4647,1770,1414,4012,,69458
69,Volvo,XC40,2005,Diesel,2314,133,257,Automatic,AWD,4,5,2655,4563,1736,1425,3979,15.13,42668
70,Kia,Rio,2008,Petrol,1827,142,283,CVT,RWD,4,5,2222,4341,1666,1476,3708,11.71,44337
71,Toyota,Prius,2015,Petrol,2067,209,383,Automatic,AWD,5,5,2405,4057,1858,1536,3488,12.84,52702
72,Kia,Stinger,2005,Petrol,1439,179,303,Automatic,AWD,4,5,1862,4602,1654,1429,4057,9.36,43758
73,Toyota,Corolla,2020,Diesel,1392,117,168,Manual,FWD,4,5,1595,4141,1843,1501,3558,8.42,34235
74,Honda,Accord,2000,Diesel,2623,240,352,Automatic,FWD,4,7,2722,4713,1771,1459,4212,17.27,54015
75,Honda,Odyssey,2008,Petrol,2626,175,248,Automatic,RWD,4,5,2522,4959,1760,1466,4315,15.66,46427
76,Ford,Escape,2005,Petrol,2109,223,436,Automatic,RWD,4,5,2353,4846,1700,1471,4283,13.5,50470
77,Nissan,Pathfinder,2013,Hybrid,2484,293,481,Automatic,RWD,4,5,2580,4838,1764,1461,4246,14.36,58811
78,Hyundai,Palisade,2002,Petrol,1567,83,134,Automatic,FWD,4,5,1861,4143,1894,1510,3559,9.07,34720
79,Mitsubishi,Outlander,2023,Petrol,1191,63,108,Automatic,RWD,4,5,1778,4364,1763,1447,3801,7.96,26005
80,Mitsubishi,Mirage,2004,Petrol,1385,92,162,Automatic,FWD,4,5,1864,4453,1701,1457,3919,9.81,30511
81,BMW,Series3,2019,Petrol,1397,167,288,Manual,AWD,4,5,1829,4407,1788,1373,3749,8.92,41946
82,Mazda,CX5,2011,Petrol,2225,161,289,Manual,RWD,4,5,2550,4618,1728,1432,3995,14.66,50290
83,Mazda,CX9,2021,Petrol,1618,94,187,Manual,RWD,4,5,2092,4649,1782,1420,4130,10.55,33413
84,Honda,Insight,2018,Petrol,1293,124,239,Automatic,FWD,4,5,1541,4408,1869,1434,3721,8.52,32965
85,BMW,Series3,2010,Hybrid,1251,134,195,Automatic,FWD,4,5,1593,4169,1826,1459,3453,9.26,34800
86,Volkswagen,Golf,2005,Petrol,1907,171,276,Manual,AWD,4,5,2047,4085,1633,1475,3360,12.31,43311
87,Hyundai,Sonata,2015,Hybrid,3540,290,558,Automatic,AWD,4,5,3229,4468,1818,1402,3866,18.51,70789
88,,XC60,2011,,3737,505,938,Manual,FWD,4,5,3500,4572,1780,1460,3945,20.15,95759
89,Audi,A6,2012,Petrol,1718,164,250,Automatic,RWD,4,5,2029,4729,1771,1431,4159,10.81,40747
90,Kia,Rio,2012,Petrol,3585,344,610,Automatic,FWD,4,5,3463,4374,1777,1386,3864,19.94,77261
91,BMW,Series3,2018,Diesel,1313,60,93,Automatic,AWD,4,5,1733,4428,1763,1392,3768,8.7,28782
92,Toyota,Corolla,2022,Petrol,1260,62,101,Automatic,RWD,5,7,1638,4092,1817,1414,3400,8.77,28080
93,Kia,Sportage,2011,Petrol,4578,437,846,Automatic,RWD,4,5,3500,4555,1912,1465,3973,23.07,82098
94,Mitsubishi,Mirage,2004,Petrol,1708,156,227,Automatic,RWD,4,4,1984,4595,1716,1366,3919,11.36,37439
95,Tesla,ModelS,2003,Electric,0,406,,Automatic,AWD,5,5,2360,4454,1785,1544,3828,,92694
96,Tesla,ModelS,2010,Electric,0,385,626,Automatic,FWD,4,5,2373,4480,1740,1433,3869,,89640
97,Nissan,Rogue,2007,Petrol,1445,168,327,Automatic,RWD,4,5,2034,4542,1700,1482,3925,10.6,40648
98,Mazda,MX5,2019,Diesel,1974,180,331,Automatic,RWD,2,2,2231,3932,1771,1561,3300,11.83,50248
99,Mitsubishi,Outlander,2004,Diesel,1362,101,185,CVT,FWD,4,5,1837,3959,1801,1538,3384,9.28,31249
100,Subaru,Forester,1999,Petrol,2436,127,250,Automatic,AWD,4,5,2560,4670,1750,1557,4089,15.86,40617
101,Honda,Insight,2008,Petrol,1542,203,295,Automatic,FWD,4,5,2218,4906,1890,1525,4254,11.62,49239
102,Honda,Civic,2016,Petrol,1317,117,213,Automatic,FWD,4,5,1686,4092,1643,1445,3498,10.11,36620
103,Mitsubishi,Outlander,1999,Hybrid,2987,348,651,Manual,FWD,4,5,3253,5049,1757,1388,4441,17.52,70853
104,Ford,Fusion,2003,Petrol,1955,208,391,Automatic,FWD,4,5,2299,4417,1874,1552,3839,12.64,48058
105,Ford,Escape,2000,Petrol,1514,214,308,Manual,FWD,4,5,1945,4428,1815,1403,3753,10.98,43575
106,Kia,K5,2001,Petrol,1287,150,246,Automatic,AWD,3,5,1622,4272,1785,1356,3698,10.36,29913
107,Kia,Stinger,2017,Petrol,2139,205,329,Manual,FWD,4,5,2377,4731,1708,1456,4109,13.06,51645
108,Honda,Fit,2000,Petrol,1344,79,155,Automatic,RWD,4,5,1760,4444,1880,1452,3880,10.11,30084
109,Mazda,MX5,2016,Petrol,1806,102,163,Automatic,FWD,2,2,2113,4315,1746,1358,3670,11.07,35802
110,Volkswagen,Tiguan,2004,Petrol,2957,362,716,Manual,FWD,4,5,2878,5037,1844,1428,4372,17.55,72622
111,Volkswagen,Passat,,Petrol,1806,232,450,Automatic,AWD,4,5,2025,4462,1886,1388,3860,12.98,48001
112,Tesla,ModelX,2019,Electric,0,336,834,Automatic,FWD,5,5,2173,4326,1873,1466,3766,,85673
113,Subaru,Ascent,2008,Hybrid,2542,210,353,Automatic,AWD,4,5,2787,4541,1717,1424,3898,15.89,51579
114,Ford,Focus,2012,Petrol,1344,139,246,Automatic,AWD,4,7,2006,4125,1781,1381,3465,9.44,39331
115,BMW,Series3,2015,Petrol,3793,276,492,Automatic,FWD,4,4,3500,4395,1835,1497,3855,20.44,68838
116,Hyundai,Palisade,2006,Petrol,1497,163,281,Automatic,AWD,4,5,1910,4272,1785,1425,3634,10.76,39990
117,Mercedes,SClass,2000,Diesel,1533,102,196,Manual,FWD,4,5,1898,4248,1807,1354,3700,10.32,32674
118,Kia,Sorento,2007,Hybrid,1656,129,183,Automatic,AWD,5,5,1899,4092,1774,1510,3466,11.19,38175
119,Audi,Q3,2024,Petrol,1803,136,239,Automatic,FWD,4,5,2336,4619,1773,1357,4031,10.09,51120
120,Subaru,BRZ,2023,Hybrid,1947,272,392,Automatic,AWD,2,2,2301,4315,1635,1439,3818,11.59,56627
121,Toyota,CHR,2024,Petrol,1369,82,125,Manual,FWD,4,5,1859,4997,1781,1440,4435,8.6,31653
122,Subaru,Impreza,2002,Petrol,2080,290,578,Manual,AWD,4,5,2370,3991,1674,1469,3365,12.51,59445
123,Nissan,Altima,2001,Diesel,3258,250,358,Automatic,RWD,4,5,2732,4353,1763,1395,3759,18.71,53881
124,Mercedes,SClass,2007,Hybrid,1804,216,303,Automatic,RWD,5,5,1895,4338,1715,1349,3770,13.67,44123
125,Hyundai,Kona,2008,Petrol,1106,136,243,Automatic,RWD,4,5,1530,3958,1736,1536,3331,8.88,27902
126,Hyundai,Kona,2018,Petrol,1792,203,329,Manual,FWD,4,5,2306,4185,1742,1455,3593,10.1,54247
127,Nissan,Maxima,2013,Petrol,2333,189,305,Manual,AWD,4,5,2444,4174,1771,1424,3579,13.96,45237
128,Nissan,Altima,2000,Petrol,1891,182,267,CVT,FWD,5,5,2135,3998,1675,1484,3499,13.02,37779
129,Mazda,CX5,1999,Petrol,1934,187,290,Manual,FWD,4,5,2219,4528,1824,1343,3936,12.39,41676
130,Toyota,RAV4,2022,Petrol,4667,559,990,Manual,FWD,3,5,3500,4343,1806,1472,3654,20.98,104920
131,Mercedes,AMGGT,2006,Diesel,1381,128,216,Automatic,FWD,2,4,,4110,1720,1533,3616,12.34,36288
132,Audi,Q7,2012,Hybrid,2066,238,469,Manual,FWD,5,5,2553,4636,1596,1493,4026,13.05,53818
133,Mazda,MX5,1998,Petrol,1768,150,242,Automatic,FWD,2,2,2223,4534,1809,1483,3966,13.13,39985
134,BMW,Series3,2020,Petrol,2226,223,377,Manual,AWD,4,5,2445,4263,1752,1339,3652,12.58,52268
135,Mercedes,GLE,1999,Diesel,1517,89,139,Automatic,FWD,5,5,1650,4229,1759,1452,3711,11.69,23415
136,Chevrolet,Equinox,2015,Hybrid,2100,236,340,Automatic,FWD,4,5,2534,4542,1854,1384,3938,12.25,58161
137,Mercedes,GLA,2002,Petrol,1450,63,116,Automatic,AWD,4,4,1963,4082,1709,,3495,10.23,28450
138,Honda,CRV,2009,Petrol,1853,235,382,CVT,FWD,4,5,2179,4786,1685,1483,4226,12.17,50937
139,Honda,CRV,2004,Diesel,2972,228,426,Automatic,FWD,4,7,2440,4464,1684,1440,3934,15.61,54185
140,Kia,Carnival,2001,Hybrid,1351,165,252,Automatic,RWD,4,5,1831,4626,1807,1515,4094,11.58,34863
141,Chevrolet,Equinox,2011,Petrol,3060,151,221,Automatic,FWD,4,4,2628,4223,1761,1295,3584,14.58,44611
142,Mercedes,EClass,2003,Petrol,3507,284,529,Automatic,AWD,4,4,3398,4867,1825,1435,4295,20.54,69211
143,Audi,Q3,1998,Petrol,2049,228,322,Automatic,RWD,4,5,2071,4160,1757,1353,3568,14.82,45790
144,Audi,Q7,2008,Hybrid,1434,97,143,Automatic,RWD,4,5,1748,4411,1825,1545,3861,9.31,26651
145,Mazda,Mazda6,2006,Hybrid,1548,156,224,Manual,FWD,4,5,1712,4324,1877,1451,3733,10.14,36074
146,Audi,Q7,2001,Petrol,2411,144,219,Manual,AWD,5,5,2276,4311,,1357,3687,16.47,34098
147,Tesla,ModelS,2013,Electric,0,315,781,Manual,AWD,5,7,2114,4357,1689,1394,3715,,82639
148,Kia,Sportage,2024,Petrol,2352,240,337,Automatic,AWD,4,5,2503,4301,1707,1481,3665,12.5,55805
149,Volvo,S60,2007,Petrol,1761,146,239,CVT,AWD,3,5,1871,3916,1774,1460,3310,11.81,40563
150,Kia,Sportage,1998,Petrol,1822,112,169,CVT,FWD,4,5,2192,4451,1754,1360,3751,13.35,40678
151,Hyundai,SantaFe,2008,Diesel,1516,168,325,Automatic,RWD,4,5,2005,4019,1729,1390,3437,11.04,41033
152,Nissan,Altima,2022,Petrol,2212,280,521,Automatic,FWD,5,5,2290,4279,1667,1494,3806,11.5,57850
153,Nissan,Leaf,2018,Petrol,1582,200,330,Automatic,FWD,4,5,1940,4051,1848,1348,3480,10.17,52726
154,Tesla,ModelY,1998,Electric,0,330,550,Automatic,AWD,3,5,2406,4201,1747,1468,3501,,87877
155,BMW,X3,2003,Petrol,3767,414,694,CVT,RWD,5,5,3411,4837,1712,1383,4184,22.12,82168
156,Nissan,Altima,2001,Petrol,2026,162,264,Manual,AWD,3,5,2372,4427,1796,1499,3877,13.85,45074
157,Mazda,CX5,2021,Hybrid,1672,188,283,Automatic,RWD,4,5,1886,4068,1782,1500,3500,10.55,49682
158,Volkswagen,Atlas,2017,Diesel,4467,260,449,Automatic,FWD,4,5,3500,5029,1739,1415,4436,20.97,69495
159,BMW,X5,2016,Petrol,1870,149,293,Automatic,RWD,4,5,2079,4434,1705,1394,3816,11.23,41810
160,Hyundai,Tucson,1999,Petrol,3120,253,461,Automatic,FWD,4,5,2882,4549,1692,1399,3999,18.87,55724
161,Mazda,Mazda3,2014,Petrol,1317,118,209,Automatic,FWD,3,7,1906,4039,1809,1543,3495,8.68,39060
162,Hyundai,Tucson,2011,Hybrid,1440,93,162,Automatic,RWD,4,4,1879,3936,1790,1485,3339,10.88,30889
163,Ford,Bronco,2008,Petrol,1992,125,231,CVT,FWD,4,5,2457,4809,1693,1494,4234,13.27,40338
164,Volkswagen,Golf,2021,Diesel,1364,81,125,Manual,FWD,4,5,1652,4117,1769,1480,3493,8.69,33864
165,Subaru,BRZ,2007,Petrol,2260,232,334,Automatic,AWD,2,2,2464,4657,1668,1470,4016,13.84,55372
166,Mazda,CX5,2010,Petrol,2192,146,243,Automatic,AWD,4,5,2589,4377,1667,1412,3776,14.38,43582
167,Subaru,BRZ,2002,Petrol,2524,160,239,Manual,AWD,2,2,2660,4600,1809,1512,4016,15.36,40224
168,Hyundai,SantaFe,2019,Petrol,1752,174,326,Automatic,AWD,5,5,2020,4376,1629,1438,3818,10.69,54095
169,Tesla,ModelX,2017,Electric,0,329,716,Automatic,RWD,4,5,2113,4131,1796,1390,3493,,82090
170,Subaru,Ascent,2015,Petrol,1661,80,117,Automatic,AWD,4,5,1771,3948,1723,1512,3243,8.92,25028
171,Toyota,RAV4,2007,Petrol,1739,172,283,Automatic,RWD,4,5,1942,4399,1707,1427,3848,11.91,43251
172,Hyundai,SantaFe,2023,Petrol,1929,162,281,Automatic,RWD,4,4,2072,4438,1868,1474,3818,10.77,48986
173,Volkswagen,Atlas,2012,Petrol,1604,172,331,Automatic,FWD,4,5,1993,4362,1812,1317,3792,10.8,46184
174,Volvo,XC60,2014,Petrol,3254,272,438,Automatic,FWD,4,5,2966,4815,1857,1494,4271,17.16,62948
175,Mitsubishi,Outlander,2019,Diesel,1779,191,334,Automatic,RWD,4,5,2181,4179,1849,1494,3601,10.51,49357
176,Ford,Mustang,2014,Hybrid,2138,228,398,Automatic,FWD,2,4,2411,4905,1757,1402,4337,11.99,50893
177,Volkswagen,Golf,2024,Petrol,2004,169,244,Automatic,FWD,4,5,2138,4598,1699,1505,3989,11.49,43457
178,Kia,Carnival,2007,Petrol,1731,80,143,Automatic,RWD,4,5,2095,,1731,1391,3936,11.92,26165
179,Kia,Sportage,2002,Petrol,2203,240,382,CVT,AWD,4,5,2484,4087,1817,1490,3537,14.22,51554
180,Toyota,Corolla,2005,Diesel,1959,118,166,Automatic,RWD,4,4,2273,4514,1832,1573,3862,13.1,39379
181,Mitsubishi,Lancer,2012,Petrol,3324,387,632,Automatic,RWD,5,7,3259,4139,1824,1509,3568,18.41,84374
182,Mazda,MX5,2004,Petrol,1848,215,390,Automatic,RWD,2,2,1989,4161,1732,1525,3476,12.55,42672
183,Tesla,Model3,2010,Electric,0,458,1070,Manual,AWD,4,5,2370,4546,1797,1455,3918,,93471
184,Kia,Sportage,2018,Petrol,1911,150,263,Automatic,FWD,3,5,2281,4469,1722,1385,3837,12.05,41635
185,Toyota,Avalon,2022,Petrol,2075,270,453,Automatic,FWD,4,5,2330,4245,1757,1360,3669,11.52,59271
186,BMW,X5,2005,Hybrid,1927,176,330,Automatic,AWD,4,5,2127,4189,1686,1425,3579,13.0,40363
187,Audi,Q7,2014,Petrol,1395,83,144,Automatic,FWD,4,5,1855,4062,1753,1344,3466,8.9,34146
188,Volvo,XC40,2015,Petrol,1835,176,316,Automatic,AWD,4,5,2387,4377,1820,1450,3847,11.73,52228
189,Kia,Rio,2012,Petrol,2285,181,289,Automatic,RWD,4,5,2701,4931,1909,1444,4316,12.81,53758
190,Mercedes,GLA,2019,Petrol,1649,90,135,Automatic,AWD,5,7,1854,4037,1772,1524,3462,9.39,33040
191,Volkswagen,Atlas,2017,Petrol,1840,199,304,Manual,AWD,4,5,2243,4717,1728,1480,4221,10.89,49230
192,Mazda,MX5,2012,Hybrid,1263,78,151,Automatic,FWD,2,2,1610,4100,1781,1285,3524,8.45,32405
193,Audi,Q7,2013,Diesel,1421,73,142,Automatic,FWD,4,4,1498,4655,1734,1467,4057,8.78,25334
194,Volvo,S60,2022,Petrol,1449,138,225,Automatic,FWD,4,5,1806,4472,1869,1440,3838,9.14,43895
195,Kia,Carnival,2006,Diesel,1370,159,286,CVT,FWD,4,5,1979,4230,1708,1509,3586,11.48,37300
196,Mitsubishi,Outlander,2006,Petrol,1365,95,185,Manual,FWD,4,5,1621,4276,1574,1439,3757,10.61,30900
197,Volvo,XC40,2020,Diesel,1715,196,378,Automatic,AWD,4,5,1962,4188,1729,1388,3526,10.05,48673
198,Subaru,Forester,2006,Petrol,1314,141,234,Manual,AWD,4,5,1557,4169,1796,1501,3506,10.89,36005
199,Volkswagen,Tiguan,2015,Hybrid,2140,157,274,Automatic,FWD,5,5,2331,4262,1794,1577,3749,13.09,44190
200,Ford,Fiesta,2002,Petrol,1467,80,122,Automatic,FWD,4,5,2127,4489,1790,1322,3905,12.14,28060
201,Kia,K5,2020,Petrol,1389,97,184,Automatic,FWD,4,5,1692,3713,1780,1439,3096,10.41,33495
202,Mercedes,AMGGT,2004,Petrol,1322,133,243,Manual,AWD,2,4,1866,4383,1704,1462,3758,9.91,32597
203,Ford,Explorer,2011,Petrol,2120,217,352,Automatic,FWD,4,5,2519,4801,1762,1412,4219,13.01,48292
204,Volkswagen,Polo,2012,Hybrid,1912,193,381,Automatic,AWD,5,7,2204,4743,1851,1540,4171,13.57,47844
205,Mazda,Mazda3,2004,Petrol,1910,218,375,Automatic,FWD,4,7,2318,4311,1909,1293,3677,11.5,47627
206,Mazda,CX9,2022,Petrol,1387,161,295,Automatic,RWD,4,7,1923,4667,1731,1456,4083,10.09,46967
207,Toyota,Avalon,2022,Petrol,3721,238,377,Automatic,FWD,4,5,3500,4606,1741,1443,4062,18.75,64439
208,Tesla,Model3,1998,Electric,0,259,613,CVT,AWD,4,4,2094,4353,1752,1454,3786,,68415
209,Chevrolet,Camaro,2022,Petrol,2103,192,300,Automatic,FWD,2,4,2279,4614,1729,1457,3953,11.53,48499
210,Tesla,Model3,2015,Electric,0,352,607,Automatic,FWD,4,5,1899,4231,1697,1353,3692,,83220
211,Kia,K5,2005,Petrol,1818,139,216,Automatic,FWD,4,5,2087,4267,1706,1488,3732,12.71,34269
212,Nissan,Rogue,2013,Petrol,1287,144,272,Automatic,FWD,4,5,1933,4034,1814,1505,3342,9.11,41180
213,Toyota,Highlander,2008,Petrol,1539,66,114,Automatic,FWD,5,5,1909,4646,1703,1411,4084,11.25,30693
214,Tesla,ModelX,2024,Electric,0,336,612,Automatic,RWD,4,5,2360,4248,1812,1390,3617,,82931
215,Volvo,XC60,2017,Diesel,1560,107,196,Automatic,FWD,5,5,1874,4312,1748,1432,3708,9.67,39661
216,Toyota,Highlander,2016,Petrol,1069,112,194,Automatic,FWD,4,5,1771,4449,1743,1387,3862,7.47,37917
217,Toyota,Corolla,2018,Petrol,2033,209,377,CVT,FWD,3,5,2384,4161,1842,1557,3502,11.1,46041
218,Mazda,Mazda6,2012,Petrol,1506,172,251,Automatic,RWD,4,5,2038,4035,1717,1453,3450,10.88,51241
219,Audi,A3,2006,Petrol,2425,154,237,Manual,FWD,4,5,2473,4536,1835,1459,3964,15.54,40010
220,Tesla,ModelY,2004,Electric,0,169,367,Automatic,AWD,4,5,2241,4585,1828,1501,3985,,58128
221,Volvo,S60,2008,Diesel,1862,128,244,Manual,FWD,5,5,2502,4314,1720,1458,3654,14.53,42148
222,Tesla,ModelY,2022,Electric,0,198,459,Manual,AWD,4,5,2160,4449,1785,1529,3889,,68078
223,Mazda,CX5,2024,Petrol,2179,175,282,CVT,FWD,4,5,2462,4718,1844,1383,4046,11.59,43527
224,Ford,Explorer,1998,Hybrid,1223,95,154,Manual,FWD,4,5,1721,3764,1715,1395,3175,9.72,29847
225,Honda,CRV,2005,Petrol,2597,142,268,CVT,RWD,5,5,2938,4448,1672,1544,3889,15.97,41090
226,Ford,Fusion,2018,Diesel,1346,150,288,Automatic,FWD,4,5,2006,4382,1714,1439,3741,8.75,40527
227,Honda,Odyssey,1998,Petrol,1773,211,390,Automatic,AWD,4,5,2296,4532,1725,1506,3904,12.29,45183
228,Kia,Sportage,2024,Petrol,1852,208,392,CVT,FWD,5,5,2484,4323,1822,1443,3776,10.13,59019
229,Toyota,Prius,2002,Petrol,1929,165,274,Manual,AWD,4,5,2360,4300,1845,1465,3637,13.7,37115
230,Kia,Sportage,2013,Hybrid,2524,260,453,Manual,FWD,4,5,2430,4071,1778,1417,3459,13.24,56309
231,BMW,Z4,2004,Petrol,1319,106,180,Automatic,AWD,2,2,1746,4333,1713,1451,3726,9.27,33328
232,Volvo,S60,2022,Petrol,3588,231,412,Manual,AWD,4,5,3037,4199,1789,1474,3592,17.08,57979
233,Chevrolet,Cruze,2017,Petrol,1232,163,268,Manual,FWD,4,5,1786,4423,1702,1519,3892,8.28,43210
234,BMW,Series5,2007,Petrol,2312,261,420,Automatic,FWD,5,5,2442,4335,1688,1472,3738,14.59,53755
235,BMW,Z4,1998,Petrol,2513,223,419,Automatic,AWD,2,2,2466,4572,1848,1320,3946,13.89,45391
236,Subaru,BRZ,2019,Petrol,1644,233,393,Automatic,AWD,2,2,1897,4609,1655,1380,3995,12.08,47161
237,Tesla,Model3,2020,Electric,0,188,421,Manual,AWD,4,5,2068,4520,1870,1491,3878,,60357
238,Hyundai,Elantra,2016,Petrol,1766,160,251,Manual,FWD,4,5,2464,4482,1749,1400,3885,12.27,52473
239,Kia,Rio,2020,Petrol,1988,123,235,Automatic,AWD,4,5,2425,4346,1779,1503,3774,11.2,40671
240,Subaru,BRZ,2023,Petrol,1775,226,327,Manual,AWD,2,2,1962,4358,1683,1410,3803,11.18,50927
241,BMW,Z4,2023,Petrol,2320,287,405,Manual,FWD,2,2,2807,4740,1806,1466,4107,12.83,65366
242,Honda,CRV,2015,Petrol,1467,225,347,Automatic,RWD,4,5,1960,4479,1772,1512,3914,10.51,52743
243,Mazda,CX5,2000,Hybrid,2114,194,338,Manual,FWD,4,5,2517,4670,1742,1368,4111,13.86,46144
244,Volkswagen,Golf,2011,Petrol,2022,219,432,Automatic,FWD,4,5,2343,4362,1741,1512,3791,12.36,52875
245,Mitsubishi,Lancer,2011,Hybrid,3217,338,664,Automatic,FWD,4,5,2943,4593,1840,1418,3999,17.84,73413
246,Chevrolet,Trailblazer,2024,Diesel,3887,337,608,Automatic,AWD,4,5,3500,4674,1900,1435,4021,18.92,77037
247,Volvo,XC60,2011,Petrol,1413,190,318,Automatic,AWD,4,5,1970,4576,1702,1536,3957,10.54,43597
248,Audi,Q7,2014,Hybrid,1260,180,281,Automatic,AWD,4,5,2017,4098,1744,1453,3511,9.37,45000
249,Nissan,Maxima,2023,Petrol,991,140,238,Automatic,FWD,5,5,1638,4119,1661,1555,3449,7.07,40734
250,Mitsubishi,Mirage,2011,Petrol,1854,187,319,Automatic,RWD,5,5,2037,4302,1799,1367,3722,11.97,46474
251,Nissan,Leaf,2005,Petrol,1422,155,257,Manual,FWD,4,5,2095,4575,1757,1425,4003,11.64,44973
252,Ford,Mustang,2012,Petrol,3197,366,618,CVT,RWD,2,4,3107,4688,1686,1472,4116,16.51,73224
253,Kia,K5,2016,Diesel,1240,68,97,Manual,RWD,4,5,1836,4233,1757,1506,3669,8.66,26879
254,Tesla,ModelY,1998,Electric,0,215,391,Manual,FWD,4,5,2051,4688,1798,1427,4075,,57736
255,Mitsubishi,Eclipse,2003,Petrol,1950,156,245,Automatic,FWD,2,4,2012,4392,1708,1482,3790,11.0,40080
256,Mitsubishi,Outlander,2009,Petrol,1521,134,220,Manual,FWD,5,7,1808,4206,1750,1427,3665,9.95,36451
257,Nissan,Leaf,2006,Hybrid,1798,210,318,Manual,AWD,5,5,2324,4551,1756,1421,3899,11.22,45081
258,Nissan,Maxima,1998,Petrol,1880,147,226,Automatic,RWD,4,5,2095,4646,1736,1443,4117,12.52,37680
259,Hyundai,Elantra,2005,Petrol,4148,221,400,Automatic,FWD,4,5,3457,4665,1764,1409,4065,22.26,56960
260,Mazda,CX9,2015,Hybrid,1290,172,297,Automatic,RWD,4,5,1690,3998,1667,1406,3338,9.65,41789
261,Kia,Carnival,2013,Petrol,1170,116,226,Automatic,FWD,5,5,1365,4150,1757,1500,3515,8.56,28740
262,Mitsubishi,Mirage,2023,Diesel,1427,158,291,Automatic,AWD,4,5,1968,4759,1704,1548,4175,10.23,39783
263,Toyota,Corolla,2007,Petrol,1575,128,236,Automatic,FWD,5,5,1934,4470,1817,1448,3777,11.01,34292
264,Kia,K5,2020,Petrol,1158,92,175,Automatic,FWD,4,5,1490,4444,1797,1453,3824,8.82,27361
265,Kia,Sorento,2019,Petrol,3325,339,596,Automatic,FWD,5,5,3246,4768,1770,1379,4142,16.65,81300
266,Chevrolet,Tahoe,2015,Petrol,1485,111,212,Automatic,FWD,5,5,1598,4261,1800,1414,3642,9.6,27335
267,Chevrolet,Tahoe,2021,Petrol,1880,149,295,Automatic,AWD,4,5,2232,4145,1848,1551,3387,10.2,45164
268,Volkswagen,Tiguan,2020,Petrol,1375,94,168,Automatic,FWD,4,5,1676,3752,1757,1326,3168,10.09,34169
269,Volvo,S60,2007,Petrol,1402,149,229,Automatic,FWD,4,5,1787,4455,1759,1366,3904,10.15,36438
270,Nissan,Sentra,2001,Diesel,1313,110,192,Automatic,FWD,4,5,1692,4077,1740,1546,3436,10.64,25187
271,Hyundai,Tucson,2001,Petrol,1757,167,326,Manual,FWD,5,5,1845,4386,1814,1426,3750,14.03,37186
272,Audi,A4,2004,Petrol,1458,150,221,Automatic,RWD,4,5,2001,4537,1778,1394,3921,10.0,35709
273,Mitsubishi,Eclipse,2021,Hybrid,1643,148,274,Automatic,FWD,2,4,1937,4362,1738,1331,3781,9.68,43856
274,Subaru,Impreza,2024,Petrol,1790,107,202,Automatic,AWD,4,5,1983,4294,1807,1441,3685,10.31,39556
275,Hyundai,Tucson,2005,Petrol,3044,274,509,CVT,FWD,4,5,2921,4424,1721,1389,3763,17.34,63312
276,Chevrolet,Cruze,2007,Petrol,3406,283,463,Automatic,FWD,4,5,3053,4576,1763,1379,3980,17.99,57839
277,Toyota,CHR,2015,Petrol,2505,243,442,Automatic,FWD,3,5,2555,4513,1782,1451,3909,11.98,57268
278,Mercedes,SClass,1999,Petrol,2145,194,316,CVT,FWD,5,5,1947,4358,1716,1511,3768,13.92,39523
279,Honda,Fit,2007,Petrol,1401,122,205,Automatic,FWD,4,5,1986,4168,1669,1442,3592,9.57,34501
280,Mercedes,AMGGT,2022,Hybrid,2147,148,270,CVT,AWD,2,4,2452,4532,1740,1402,3961,11.77,47454
281,Mitsubishi,Lancer,1998,Petrol,1875,198,278,Automatic,AWD,4,5,1825,4182,1824,1357,3732,12.86,40890
282,Subaru,Ascent,2013,Petrol,1236,80,119,Automatic,AWD,4,5,1728,4136,1741,1441,3514,9.6,30163
283,Volvo,S60,2003,Petrol,1903,144,240,Automatic,RWD,5,5,2455,5033,1700,1433,4307,13.2,40952
284,Honda,CRV,2013,Petrol,1543,137,255,Manual,FWD,4,5,2138,4363,1855,1473,3694,11.46,38203
285,BMW,Series3,2010,Petrol,1142,70,125,Automatic,AWD,5,5,1799,4349,1855,1488,3786,8.76,21408
286,Mitsubishi,Lancer,2016,Hybrid,1264,171,338,Automatic,FWD,4,5,1751,4522,1703,1356,3983,8.76,35745
287,Honda,Accord,2002,Petrol,1201,60,119,Automatic,RWD,4,5,1707,4124,1764,1411,3565,10.07,23438
288,Subaru,Impreza,2005,Petrol,1580,221,381,Manual,AWD,4,5,1795,4192,1675,1392,3556,9.71,39986
289,BMW,Z4,2022,Hybrid,3184,225,357,Automatic,RWD,2,2,3005,4627,1865,1392,4046,15.96,54876
290,Mazda,MX5,2017,Petrol,1725,117,195,Automatic,RWD,2,2,2163,4661,1861,1477,3983,10.71,33542
291,Kia,Stinger,2010,Petrol,2051,229,391,Manual,FWD,4,5,2316,4092,1699,1402,3546,12.72,49599
292,Volvo,V60,2007,Diesel,2095,231,439,Automatic,RWD,4,5,2218,4428,1746,1445,3868,13.38,44538
293,Mazda,CX5,2016,Petrol,1849,135,200,Automatic,FWD,4,5,2250,4502,1792,1519,3922,11.0,43127
294,Honda,Fit,2021,Petrol,1955,210,328,Automatic,FWD,5,5,2161,4470,1755,1498,3844,12.28,55151
295,BMW,Series5,2018,Petrol,1837,148,280,Automatic,AWD,4,5,2237,4395,1683,1515,3832,11.29,43251
296,Hyundai,Tucson,2019,Petrol,2069,246,383,Automatic,FWD,4,4,2480,4720,1787,1446,4071,11.62,57228
297,Ford,Fiesta,2005,Petrol,1860,159,306,Automatic,RWD,4,5,2111,4672,1800,1330,4061,12.02,36046
298,Audi,Q5,2000,Petrol,1450,126,177,Manual,RWD,4,5,1915,4602,1657,1496,3932,12.16,34401
299,Audi,A3,2011,Petrol,1269,75,135,Automatic,AWD,4,5,2001,4661,1804,1510,4029,10.0,33403
300,Volvo,XC90,2013,Petrol,2815,138,252,Manual,FWD,4,7,2742,4420,1754,1454,3738,14.69,46822
301,Subaru,Impreza,2005,Petrol,2440,207,345,Automatic,AWD,5,5,2385,4108,1674,1478,3518,15.03,49891
302,Subaru,Outback,2020,Petrol,3632,321,507,Manual,AWD,4,5,3393,5037,1768,1388,4409,19.42,70280
303,Volvo,XC40,2019,Petrol,2310,219,311,Automatic,AWD,4,5,2624,4805,1709,1501,4214,13.34,55753
304,Kia,Sorento,2023,Petrol,2026,119,221,CVT,AWD,4,5,2121,4158,1815,1444,3569,11.36,42710
305,Hyundai,SantaFe,2001,Diesel,1617,68,128,Automatic,RWD,4,5,1887,4430,1718,1401,3818,11.43,25973
306,Kia,Carnival,2002,Diesel,1528,163,254,Automatic,FWD,4,5,1902,4332,1766,1380,3746,10.74,37259
307,Nissan,Sentra,2000,Petrol,1508,139,264,Automatic,RWD,4,5,2120,4035,1752,1415,3427,11.51,40076
308,Honda,Accord,2023,Petrol,1967,181,319,Automatic,FWD,4,5,2365,4257,1729,1400,3599,10.38,50007
309,Subaru,BRZ,2021,Hybrid,3367,387,575,Manual,AWD,2,2,3238,4582,1855,1285,3982,17.07,79683
310,Subaru,Ascent,2001,Diesel,1658,139,214,Automatic,AWD,4,5,2068,4517,1739,1416,3819,10.69,35746
311,Volvo,S60,2020,Petrol,1997,183,318,CVT,AWD,4,5,2209,5061,1756,1370,4446,11.37,49133
312,Tesla,ModelY,2014,Electric,0,289,587,Automatic,FWD,4,5,2419,4383,1736,1425,3747,,76828
313,Mitsubishi,Mirage,2000,Diesel,1743,208,374,Automatic,RWD,4,7,2184,4132,1815,1394,3497,13.33,47416
314,Honda,Pilot,2021,Petrol,1437,134,204,Automatic,FWD,4,5,2038,4338,1777,1509,3711,9.32,40489
315,Volkswagen,Polo,2006,Diesel,2037,145,235,Automatic,AWD,4,7,2449,4341,1828,1451,3771,13.86,42420
316,Toyota,Corolla,2005,Petrol,3678,235,410,Automatic,FWD,5,4,3118,4810,1791,1516,4184,20.26,56133
317,Toyota,Avalon,2019,Petrol,2063,171,317,Automatic,FWD,4,5,2318,4668,1720,1455,4136,12.54,48720
318,Nissan,Maxima,1999,Hybrid,2148,170,293,Automatic,FWD,4,5,2382,4386,1745,1421,3771,13.14,45398
319,Audi,Q3,2014,Diesel,1209,144,277,Manual,AWD,4,5,1563,4177,1815,1498,3576,7.71,38320
320,Volvo,S60,2003,Petrol,2005,124,210,Automatic,AWD,4,5,2079,5058,1745,1496,4490,11.22,34301
321,Mazda,CX9,2000,Petrol,1382,104,174,Automatic,FWD,4,5,1504,4410,1782,1446,3879,9.34,26123
322,Mitsubishi,Eclipse,2011,Diesel,1160,117,218,Automatic,RWD,2,4,1639,4424,1706,1469,3836,9.72,30228
323,Volkswagen,Tiguan,2019,Petrol,3420,300,434,Manual,AWD,5,5,3204,4850,1841,1392,4206,16.59,71495
324,BMW,Series5,2008,Petrol,1492,78,144,Automatic,AWD,3,5,1640,4431,1746,1520,3804,8.21,25691
325,Mazda,CX9,2007,Petrol,3219,306,517,Automatic,AWD,4,5,3206,4888,1793,1447,4311,17.91,64806
326,Tesla,ModelS,2012,Electric,0,191,335,Automatic,AWD,5,5,2029,4226,1947,1533,3688,,59580
327,Ford,Mustang,2006,Petrol,1198,93,184,Manual,AWD,2,4,1590,4489,1813,1533,3931,9.41,29977
328,Volkswagen,Golf,2022,Petrol,1328,158,282,Manual,AWD,4,5,1797,4156,1750,1387,3556,7.34,38975
329,Tesla,ModelS,2019,Electric,0,353,583,Automatic,AWD,4,5,2393,4324,1700,1469,3765,,86639
330,Volvo,V60,1999,Petrol,4162,375,714,Automatic,RWD,5,5,3500,5140,1810,1492,4469,23.9,73596
331,Hyundai,Palisade,2009,Diesel,1206,92,129,Automatic,FWD,4,5,1628,4392,1754,1524,3742,7.8,30925
332,Mitsubishi,Mirage,2022,Petrol,1938,147,237,Automatic,FWD,4,5,2298,4621,1826,1472,4090,11.13,48204
333,Honda,Accord,2006,Hybrid,1904,192,305,Automatic,AWD,4,5,2055,4643,1745,1539,3966,12.17,40654
334,Mercedes,SClass,2012,Petrol,1374,110,188,Automatic,AWD,4,7,1983,4486,1859,1438,3882,10.03,42240
335,Mitsubishi,Lancer,1998,Petrol,1965,189,270,Manual,RWD,4,5,2351,4225,1743,1425,3714,13.46,45486
336,Kia,Carnival,2003,Petrol,1617,132,262,Automatic,RWD,3,5,1926,4350,1729,1325,3647,11.4,35742
337,Subaru,BRZ,1998,Petrol,1944,121,211,Automatic,AWD,2,2,2165,4075,1794,1511,3449,13.15,34337
338,Mazda,Mazda3,2005,Petrol,1535,180,312,Automatic,FWD,4,5,1861,4692,1727,1450,4182,10.19,34669
339,BMW,X5,2001,Hybrid,1933,225,323,Automatic,AWD,4,5,2380,4347,1693,1426,3842,12.38,49168
340,Mercedes,GLA,2020,Petrol,3613,282,555,Automatic,AWD,4,5,3260,5050,1792,1560,4347,16.68,68984
341,Subaru,BRZ,2020,Petrol,2025,174,344,Automatic,AWD,2,2,2266,4238,1658,1410,3707,13.05,47062
342,Nissan,Rogue,2024,Petrol,1896,245,351,Automatic,FWD,5,5,2143,4642,1794,1467,4038,11.06,56748
343,Mitsubishi,Mirage,2005,Petrol,1238,120,202,Automatic,FWD,4,5,1718,4409,1856,1415,3888,10.11,27902
344,Volvo,XC90,2002,Hybrid,1334,90,130,Automatic,FWD,4,5,1863,4353,1765,1477,3710,10.58,30064
345,Tesla,ModelX,2017,Electric,0,173,405,Automatic,FWD,4,5,2062,4259,1826,1463,3599,,60340
346,Mercedes,CClass,2006,Hybrid,1646,174,344,Automatic,AWD,4,5,1947,4044,1761,1335,3477,13.21,42606
347,Mazda,CX5,2023,Petrol,1735,151,279,CVT,FWD,4,5,1889,4386,1841,1391,3889,10.83,47193
348,Nissan,Altima,2007,Petrol,1100,130,253,Automatic,FWD,4,5,1597,4312,1716,1402,3834,8.47,37192
349,Subaru,BRZ,2016,Petrol,2130,181,266,Automatic,AWD,2,2,2345,4628,1911,1502,3970,12.12,44602
350,Mitsubishi,Outlander,2012,Petrol,2018,257,477,Automatic,FWD,4,5,2257,4285,1695,1559,3684,12.23,52109
351,Mitsubishi,Eclipse,2008,Petrol,1871,215,390,Automatic,RWD,2,4,2036,4294,1781,1576,3763,12.87,47427
352,Tesla,Model3,2008,Electric,0,367,581,Automatic,RWD,4,5,2357,4390,1787,1492,3810,,89153
353,Hyundai,Kona,2005,Petrol,1170,77,114,Automatic,RWD,4,5,1732,4355,1710,1521,3787,9.63,25907
354,Tesla,ModelX,2022,Electric,0,230,530,Automatic,AWD,4,5,2171,3989,1892,1475,3363,,67737
355,Mazda,Mazda3,2008,Petrol,2182,78,146,Manual,RWD,4,5,2395,4754,1837,1421,4124,12.19,31259
356,Mitsubishi,Mirage,2010,Petrol,2417,266,477,CVT,FWD,4,5,2676,4590,1790,1404,3998,13.43,57687
357,Mercedes,GLA,1999,Petrol,2572,125,200,Manual,AWD,4,5,2514,4613,1785,1381,3958,16.25,37807
358,Mercedes,GLE,2016,Petrol,1398,118,204,Automatic,AWD,3,5,1728,4346,1828,1404,3770,8.81,32779
359,Volkswagen,Golf,2012,Diesel,3326,245,470,Automatic,FWD,4,5,3042,5029,1766,1323,4528,17.98,61577
360,BMW,Z4,2012,Hybrid,2112,272,430,Automatic,AWD,2,2,2414,4001,1753,1450,3395,13.03,55169
361,Toyota,CHR,2002,Petrol,1371,72,135,Automatic,FWD,4,5,1615,4236,1780,1495,3507,8.14,26386
362,Mazda,Mazda6,2000,Petrol,1316,152,220,Automatic,AWD,5,5,1788,4634,1667,1371,4142,9.65,35429
363,Mitsubishi,Eclipse,2008,Petrol,3551,221,352,Automatic,FWD,2,4,3243,4844,1673,1474,4303,19.28,58867
364,Tesla,ModelS,2008,Electric,0,307,614,Manual,FWD,5,5,2230,4238,1819,1406,3669,,73551
365,Tesla,ModelY,2018,Electric,0,354,860,Manual,AWD,4,5,2243,4368,1622,1365,3789,,82901
366,Mitsubishi,Lancer,2017,Petrol,1519,162,267,CVT,FWD,4,5,2118,4275,1696,1465,3636,10.71,43470
367,Ford,Fiesta,2018,Petrol,1699,140,229,Automatic,RWD,4,5,2008,4136,1643,1435,3536,11.72,43535
368,Subaru,Forester,2021,Hybrid,1825,160,237,Automatic,AWD,5,4,2180,4352,1863,1441,3752,10.47,48636
369,Ford,Explorer,2001,Petrol,2024,187,306,CVT,RWD,4,5,2202,4655,1743,1577,4033,12.35,42370
370,BMW,X5,2003,Petrol,1804,204,290,Manual,AWD,4,5,2238,4251,1661,1379,3656,11.86,43330
371,Subaru,Impreza,1999,Petrol,4399,530,851,Automatic,AWD,3,5,3500,4881,1717,1366,4318,23.85,95960
372,Volkswagen,Golf,2007,Petrol,1307,106,153,Automatic,RWD,4,5,1850,4272,1909,1388,3689,8.8,34877
373,Chevrolet,Camaro,2011,Petrol,2367,173,288,Automatic,RWD,2,4,2384,4778,1711,1477,4186,14.36,45341
374,Mercedes,EClass,2014,Hybrid,1564,125,183,Automatic,AWD,5,7,1470,4225,1792,1515,3590,9.67,30365
375,Mazda,MX5,2019,Petrol,1896,144,238,Automatic,FWD,2,2,1950,4341,1875,1513,3658,11.19,44482
376,Audi,A4,2003,Petrol,1782,130,188,Manual,AWD,4,5,2215,4684,1661,1477,4097,12.47,37996
377,Ford,Escape,2010,Petrol,1367,170,331,Automatic,FWD,4,7,1955,4780,1823,1457,4205,7.91,40934
378,Kia,K5,2016,Petrol,3336,316,473,Automatic,RWD,5,5,3086,4418,1805,1411,3774,17.63,70703
379,Mercedes,EClass,2012,Diesel,1712,151,220,CVT,FWD,4,5,1758,4190,1853,1484,3501,9.59,41400
380,Nissan,Rogue,2006,Petrol,4006,324,547,Automatic,FWD,4,5,3441,4772,1790,1414,4139,20.5,70633
381,Toyota,Avalon,2012,Petrol,1781,227,398,Automatic,FWD,4,5,2342,3550,1795,1425,3004,11.89,51529
382,Subaru,BRZ,2003,Petrol,2152,126,205,Automatic,AWD,2,2,2067,4049,1753,1456,3536,13.64,31814
383,Ford,Explorer,2009,Petrol,1880,191,378,Automatic,FWD,5,5,2176,4339,1769,1416,3756,10.43,48349
384,Subaru,Ascent,2020,Petrol,2089,173,247,Automatic,AWD,5,5,2331,4523,1787,1440,3903,11.75,49734
385,Nissan,Rogue,2007,Petrol,1156,71,127,Manual,AWD,4,5,1602,3649,1671,1384,3043,9.11,25667
386,Hyundai,SantaFe,2013,Hybrid,1342,105,182,Manual,FWD,4,5,2001,5122,1778,1458,4524,10.12,37172
387,BMW,Series5,2010,Petrol,1213,143,213,Automatic,AWD,4,5,1493,4095,1809,1409,3590,8.85,32744
388,Chevrolet,Equinox,2007,Hybrid,1372,155,239,Automatic,FWD,4,5,1835,4165,1721,1404,3534,8.85,38872
389,Subaru,Impreza,2024,Hybrid,2407,186,265,Automatic,AWD,4,5,2472,4615,1765,1570,4102,12.81,46819
390,Tesla,ModelY,1998,Electric,0,120,264,CVT,AWD,3,5,2035,4196,1780,1437,3616,,49536
391,Honda,Fit,2021,Petrol,1308,106,185,Manual,AWD,4,5,1802,4090,1611,1492,3530,8.85,32086
392,Mitsubishi,Eclipse,2022,Hybrid,1920,174,345,Automatic,FWD,2,4,2149,4359,1767,1462,3690,10.81,46713
393,Kia,Stinger,2023,Petrol,2948,213,386,Automatic,FWD,4,5,2892,4273,1690,1327,3636,14.66,66777
394,Chevrolet,Cruze,2018,Petrol,1250,60,108,Automatic,FWD,4,5,1792,4222,1719,1525,3560,8.46,23954
395,Hyundai,Palisade,2006,Petrol,1301,78,115,Automatic,FWD,4,5,1933,4088,1663,1474,3528,10.25,21812
396,Mercedes,AMGGT,2001,Petrol,2417,229,355,Automatic,AWD,2,4,2461,4408,1814,1369,3884,15.58,52888
397,Honda,CRV,2023,Petrol,1405,150,254,Automatic,FWD,5,5,1728,4185,1745,1277,3501,8.01,42641
398,Volvo,XC40,2016,Petrol,1973,81,141,Automatic,FWD,4,5,1992,4509,1695,1527,3900,11.96,33101
399,Chevrolet,Trailblazer,2002,Petrol,1500,170,339,Manual,FWD,4,5,1790,4098,1763,1312,3414,11.06,41401
400,Ford,Mustang,2008,Petrol,1525,139,204,Automatic,FWD,2,4,1895,4446,1809,1415,3787,9.18,32155
401,Mazda,Mazda6,2004,Petrol,1420,100,142,Automatic,FWD,4,5,1813,4453,1731,1574,3893,12.01,30208
402,Mercedes,GLE,2009,Petrol,1587,142,260,Automatic,AWD,4,5,2014,4326,1739,1382,3718,11.09,34647
403,Nissan,Sentra,2006,Diesel,4006,371,519,Manual,FWD,4,5,3500,5161,1821,1502,4514,20.9,77640
404,Mitsubishi,Eclipse,2021,Hybrid,1214,135,216,Manual,FWD,2,4,1560,3881,1718,1336,3308,8.92,36813
405,Volkswagen,Golf,2012,Petrol,1420,199,384,Automatic,AWD,4,5,1665,4508,1748,1433,3935,9.6,43069
406,Ford,Fiesta,2022,Petrol,1875,157,268,Manual,FWD,4,5,2016,4501,1806,1501,3852,10.43,50127
407,Kia,Carnival,2021,Petrol,1594,160,258,Automatic,RWD,4,5,2161,4217,1824,1462,3528,12.36,49802
408,Tesla,ModelY,2000,Electric,0,338,833,Manual,AWD,5,5,2126,4371,1810,1501,3827,,74827
409,Tesla,ModelS,2006,Electric,0,272,569,CVT,FWD,4,5,2197,4065,1846,1545,3448,,74239
410,BMW,X5,2009,Petrol,2040,128,252,Automatic,FWD,5,5,2212,4502,1780,1494,3908,14.0,45780
411,Nissan,Maxima,2010,Petrol,1505,115,206,Manual,RWD,4,5,1843,3842,1688,1472,3285,11.06,31082
412,Chevrolet,Malibu,2019,Petrol,1467,150,233,Automatic,AWD,4,5,1774,4242,1711,1508,3578,8.13,42772
413,Kia,K5,1998,Petrol,1404,198,306,Automatic,FWD,3,5,1905,4331,1590,1521,3837,10.77,44782
414,Volkswagen,Polo,2005,Petrol,2662,240,341,Manual,AWD,4,5,2558,4568,1739,1427,3935,14.6,52036
415,Ford,Bronco,2024,Petrol,1109,118,194,Automatic,FWD,5,7,1766,3810,1676,1427,3098,7.11,35095
416,Volvo,S60,2018,Hybrid,2458,210,397,Automatic,AWD,4,5,2430,4702,1810,1451,4196,12.03,47690
417,Mazda,Mazda3,2002,Petrol,1178,170,257,Automatic,FWD,3,5,1756,4532,1880,1486,3853,8.56,43927
418,Honda,Civic,2007,Hybrid,1120,108,171,Automatic,FWD,4,5,1462,4099,1578,1478,3459,7.11,28955
419,Mitsubishi,Lancer,2001,Hybrid,1782,166,236,CVT,FWD,4,5,2258,4409,1828,1310,3769,11.74,45985
420,Kia,Stinger,2002,Diesel,1240,62,117,Automatic,RWD,4,5,1768,4298,1693,1343,3643,7.98,23376
421,Tesla,Model3,2009,Electric,0,360,599,Automatic,AWD,4,5,2401,4488,1731,1575,3870,,85471
422,Mazda,MX5,2021,Petrol,3632,283,497,Manual,FWD,2,2,3143,4616,1757,1393,3994,17.82,70537
423,Mercedes,GLA,2018,Petrol,3905,427,649,Manual,FWD,4,5,3500,5091,1822,1483,4550,20.19,84252
424,BMW,X5,2017,Petrol,1229,115,168,Automatic,FWD,5,5,1714,4603,1714,1502,4056,10.26,32653
425,Mazda,CX5,1999,Petrol,1954,236,395,Automatic,FWD,4,5,2047,4243,1834,1431,3636,11.78,45183
426,Chevrolet,Cruze,2012,Petrol,1568,100,156,Automatic,FWD,5,7,1933,4225,1869,1469,3653,11.19,35335
427,Volvo,XC60,2009,Petrol,1382,81,144,Automatic,AWD,4,7,1792,4212,1721,1333,3698,11.31,33876
428,BMW,Series7,2009,Petrol,1827,178,288,Automatic,AWD,4,5,2406,4530,1729,1477,3922,14.01,41551
429,Chevrolet,Malibu,2010,Hybrid,1923,142,268,CVT,FWD,3,5,1977,4453,1863,1449,3853,13.05,35344
430,Nissan,Sentra,2001,Petrol,2518,191,300,Automatic,FWD,4,5,2370,4626,1727,1474,4021,16.58,41482
431,Volvo,XC40,2019,Petrol,2013,171,251,Automatic,RWD,4,7,2209,4539,1779,1353,3910,10.96,42041
432,Hyundai,Kona,2018,Diesel,2665,161,261,Automatic,FWD,4,5,2235,4538,1736,1448,3867,14.55,40811
433,Toyota,Corolla,2023,Petrol,1334,137,234,Automatic,AWD,4,5,1732,3971,1825,1380,3340,7.18,41567
434,Volkswagen,Passat,2002,Petrol,1958,121,182,Automatic,FWD,4,5,2099,5090,1781,1384,4541,13.35,35468
435,Hyundai,Elantra,2024,Petrol,1357,148,239,Manual,RWD,4,5,2043,4303,1711,1463,3611,9.36,45322
436,Hyundai,Palisade,2004,Petrol,2366,236,377,Automatic,FWD,4,7,2454,4146,1878,1428,3515,14.75,52177
437,Kia,Sorento,2022,Diesel,1485,70,132,Manual,RWD,4,5,1691,4595,1791,1603,3991,10.34,25355
438,Mercedes,GLE,1998,Petrol,1187,129,226,Automatic,AWD,3,5,1836,4434,1759,1424,3823,10.45,29985
439,Nissan,Sentra,2002,Diesel,1933,214,400,Automatic,RWD,4,4,2151,4264,1710,1344,3826,13.82,41226
440,Nissan,Sentra,2001,Petrol,4283,448,662,Automatic,FWD,4,5,3500,4690,1799,1556,4102,24.61,85899
441,Toyota,Camry,1998,Petrol,2208,195,327,Automatic,AWD,4,5,2456,4455,1814,1489,3856,14.38,47975
442,Chevrolet,Cruze,2016,Petrol,3731,328,514,Automatic,FWD,4,5,3249,4570,1756,1519,4112,18.76,77186
443,Volkswagen,Golf,2003,Diesel,1389,108,188,Automatic,FWD,4,5,1898,3655,1789,1391,3077,10.97,32785
444,Nissan,Altima,2002,Petrol,1997,107,211,Automatic,RWD,4,5,2214,4685,1756,1452,4054,13.31,35667
445,Mazda,MX5,2001,Petrol,2018,118,196,CVT,FWD,2,2,2041,4324,1853,1476,3712,12.14,30714
446,Ford,Explorer,2012,Petrol,1287,78,118,Automatic,FWD,5,7,1675,4190,1659,1452,3595,7.8,26986
447,Chevrolet,Equinox,2016,Petrol,1627,155,269,Automatic,FWD,4,5,2052,4191,1802,1447,3572,9.71,43615
448,BMW,X5,2014,Petrol,3439,417,832,Automatic,AWD,4,5,3202,4538,1682,1462,3942,17.9,82996
449,Kia,Stinger,1999,Petrol,2043,234,428,Automatic,FWD,4,5,2384,4323,1763,1386,3785,14.14,47063
450,Subaru,Ascent,2018,Petrol,1133,148,207,Automatic,AWD,5,5,1592,4378,1689,1510,3721,7.14,35824
451,Toyota,Corolla,2013,Hybrid,4095,352,582,Manual,FWD,4,4,3500,4652,1856,1542,3980,21.27,70650
452,Tesla,Model3,2019,Electric,0,336,549,Automatic,AWD,5,5,2357,4710,1789,1303,4134,,88947
453,BMW,X5,2020,Petrol,1243,158,285,Manual,RWD,4,5,1815,4488,1755,1513,3846,8.67,41522
454,Volvo,XC40,2000,Petrol,2275,159,304,Manual,RWD,4,5,2253,4390,1756,1477,3775,14.28,34985
455,Volkswagen,Polo,2002,Petrol,3539,402,767,Manual,FWD,5,5,3500,5343,1809,1327,4790,22.35,81395
456,Ford,Fiesta,2006,Petrol,2127,146,260,Automatic,FWD,5,7,2416,4391,1748,1454,3857,12.41,43190
457,Volkswagen,Atlas,2017,Hybrid,1567,150,213,Automatic,FWD,4,5,2297,4197,1838,1475,3679,10.17,44663
458,Subaru,Ascent,2014,Petrol,1488,70,106,Automatic,AWD,4,5,1953,4128,1634,1366,3519,8.46,26180
459,Mazda,Mazda3,2023,Petrol,2597,321,483,Automatic,AWD,5,5,2490,4469,1761,1427,3846,12.83,64284
460,BMW,Series7,2018,Petrol,2032,94,164,Automatic,AWD,4,5,2353,4906,1718,1599,4284,12.11,39332
461,Hyundai,SantaFe,2012,Petrol,1663,103,175,Automatic,FWD,4,5,1887,4546,1710,1562,3849,10.84,33421
462,Kia,K5,2008,Petrol,2309,198,363,Automatic,FWD,4,5,2398,4587,1725,1435,4068,14.15,47611
463,Volvo,V60,2011,Petrol,1427,112,184,Automatic,FWD,4,5,1659,4377,1712,1418,3813,8.66,32288
464,BMW,X3,2011,Petrol,1557,159,234,Automatic,AWD,4,5,2050,3835,1843,1410,3176,11.51,37322
465,Volkswagen,Tiguan,2009,Petrol,2525,163,293,Automatic,FWD,4,5,2240,4079,1768,1384,3482,13.46,40232
466,Mercedes,AMGGT,2013,Petrol,3926,388,721,Manual,AWD,2,4,3500,4617,1713,1431,3968,21.54,83740
467,Ford,Focus,2024,Petrol,1448,121,241,Manual,FWD,5,5,1665,4559,1667,1410,4008,7.28,37723
468,Ford,Focus,2011,Hybrid,1670,173,247,Automatic,AWD,4,5,2063,4414,1795,1417,3817,11.0,45443
469,BMW,Series7,2021,Petrol,1680,120,172,Automatic,FWD,4,5,1896,4751,1876,1502,4118,9.78,39442
470,Chevrolet,Cruze,2015,Petrol,3082,197,319,Manual,RWD,4,4,2806,4800,1743,1521,4153,15.52,56356
471,Honda,Fit,2015,Petrol,1358,92,146,Automatic,FWD,5,5,1796,4318,1793,1536,3645,10.35,34919
472,Volkswagen,Golf,2011,Hybrid,2625,270,391,Automatic,FWD,4,5,2751,4782,1930,1460,4203,15.05,61062
473,Chevrolet,Trailblazer,2022,Petrol,1983,153,229,Automatic,RWD,4,5,2175,4609,1742,1336,3958,10.98,44161
474,Mazda,Mazda3,2007,Hybrid,2130,260,406,Automatic,FWD,4,5,2157,4668,1683,1472,4015,12.72,54976
475,Subaru,Outback,2001,Petrol,2008,192,336,Automatic,AWD,4,5,2293,4188,1744,1440,3507,11.82,47701
476,Hyundai,Sonata,2019,Petrol,1259,171,296,Manual,RWD,4,7,2001,4435,1836,1405,3867,8.78,38314
477,Mitsubishi,Outlander,2001,Petrol,2015,234,388,Automatic,FWD,4,5,2702,4509,1723,1369,3920,14.17,52703
478,Chevrolet,Equinox,2009,Petrol,3351,303,493,Automatic,FWD,5,5,2863,4894,1722,1518,4315,19.53,63268
479,BMW,X3,2016,Petrol,1747,140,222,CVT,AWD,4,4,2261,3931,1768,1490,3321,12.24,41864
480,Kia,K5,2015,Petrol,3407,358,544,CVT,AWD,4,5,3126,3826,1808,1457,3310,18.18,76295
481,Toyota,Prius,2019,Petrol,2409,235,436,Automatic,FWD,4,5,2708,4333,1724,1430,3719,13.62,59608
482,Nissan,Altima,2003,Petrol,1199,110,211,Automatic,FWD,5,5,1991,4691,1783,1523,4139,9.63,30255
483,Nissan,Pathfinder,2022,Petrol,2218,230,394,Automatic,FWD,4,5,2438,4467,1765,1512,3829,12.58,57454
484,Subaru,Outback,2009,Petrol,1968,206,321,Automatic,AWD,4,5,2496,4420,1650,1370,3734,14.34,50043
485,Toyota,Camry,2002,Petrol,1512,90,155,Automatic,FWD,4,5,2125,4650,1813,1440,3986,11.88,32011
486,Tesla,ModelS,2002,Electric,0,290,672,Automatic,AWD,4,5,2108,4288,1726,1410,3673,,75496
487,Toyota,Corolla,2021,Petrol,1719,166,302,Automatic,RWD,3,7,2129,4482,1779,1427,3877,10.63,47551
488,Hyundai,SantaFe,2011,Petrol,2030,239,448,Automatic,AWD,5,5,2310,4346,1764,1479,3846,13.33,60138
489,Volvo,S60,2003,Petrol,3419,409,666,Automatic,FWD,4,7,3500,4642,1787,1455,4042,19.58,77118
490,Chevrolet,Camaro,2021,Petrol,2374,268,453,Automatic,FWD,2,4,2536,4445,1768,1374,3809,13.89,58916
491,Volkswagen,Polo,2017,Petrol,1474,82,137,Automatic,RWD,4,5,1843,4287,1715,1424,3737,8.68,38343
492,Ford,Focus,2002,Petrol,2083,177,250,Manual,FWD,5,5,2020,4530,1850,1430,3869,13.19,35818
493,Audi,Q5,1999,Petrol,2185,252,485,Automatic,AWD,4,5,2594,4494,1874,1456,3914,14.38,50860
494,Ford,Mustang,2012,Petrol,1477,92,159,Manual,AWD,2,4,2072,4730,1687,1399,4095,10.57,36300
495,Mazda,CX9,2017,Petrol,1307,108,196,Automatic,FWD,4,5,1854,4007,1877,1424,3346,9.19,36415
496,Volvo,V60,2006,Hybrid,1535,116,167,Automatic,AWD,4,5,1960,4392,1879,1434,3731,10.33,31156
497,Hyundai,Palisade,2001,Petrol,2170,223,416,Manual,FWD,5,5,2502,4210,1831,1439,3576,13.06,51366
498,Chevrolet,Tahoe,2001,Hybrid,2379,249,490,CVT,FWD,4,5,2262,4191,1585,1483,3679,14.02,49123
499,Subaru,BRZ,2013,Petrol,1189,112,167,Automatic,AWD,2,2,1635,4332,1708,1447,3807,9.12,38114
500,Subaru,Impreza,2005,Hybrid,2837,286,533,Automatic,AWD,4,5,2812,4653,1802,1490,4098,16.02,57545
